Market Count,Total Visits,Net Return Ideal,Net Return Real,Delta %
1,3331,38732973.03,38419018.98,0.817183934
2,1324,13833828.77,13101315.07,5.591146391
3,366,4479082.871,4007054.8,11.77992553
4,69,501394.0021,432797.29,15.84961683
5,26,97582.83544,77456.66,25.98378944
6,27,361462.0959,341655,5.797396758
7,1,4413.907407,4288,2.936273494
